USE Discografia
GO

SET IDENTITY_INSERT Pais ON
INSERT INTO Pais (Id, Pais) VALUES(   0, '** Desconocido **');
INSERT INTO Pais (Id, Pais) VALUES(   1, 'COLOMBIA');
INSERT INTO Pais (Id, Pais) VALUES(   2, 'ARGENTINA');
INSERT INTO Pais (Id, Pais) VALUES(   3, 'BOLIVIA');
INSERT INTO Pais (Id, Pais) VALUES(   4, 'BRASIL');
INSERT INTO Pais (Id, Pais) VALUES(   5, 'CANADA');
INSERT INTO Pais (Id, Pais) VALUES(   6, 'COSTA RICA');
INSERT INTO Pais (Id, Pais) VALUES(   7, 'REPUBLICA DOMINICANA');
INSERT INTO Pais (Id, Pais) VALUES(   8, 'CUBA');
INSERT INTO Pais (Id, Pais) VALUES(   9, 'CHILE');
INSERT INTO Pais (Id, Pais) VALUES(  10, 'ECUADOR');
INSERT INTO Pais (Id, Pais) VALUES(  11, 'ESTADOS UNIDOS DE AMÉRICA');
INSERT INTO Pais (Id, Pais) VALUES(  12, 'GUATEMALA');
INSERT INTO Pais (Id, Pais) VALUES(  13, 'HONDURAS');
INSERT INTO Pais (Id, Pais) VALUES(  14, 'MÉXICO');
INSERT INTO Pais (Id, Pais) VALUES(  15, 'NICARAGUA');
INSERT INTO Pais (Id, Pais) VALUES(  16, 'PANAMA');
INSERT INTO Pais (Id, Pais) VALUES(  17, 'PARAGUAY');
INSERT INTO Pais (Id, Pais) VALUES(  18, 'PERU');
INSERT INTO Pais (Id, Pais) VALUES(  19, 'URUGUAY');
INSERT INTO Pais (Id, Pais) VALUES(  20, 'VENEZUELA');
INSERT INTO Pais (Id, Pais) VALUES(  21, 'REINO UNIDO');
INSERT INTO Pais (Id, Pais) VALUES(  22, 'ESPAÑA');
INSERT INTO Pais (Id, Pais) VALUES(  23, 'ITALIA');
INSERT INTO Pais (Id, Pais) VALUES(  24, 'FRANCIA');
INSERT INTO Pais (Id, Pais) VALUES(  25, 'AUSTRALIA');
SET IDENTITY_INSERT Pais OFF

SET IDENTITY_INSERT Tipo ON
INSERT INTO Tipo (Id, Tipo) VALUES(   1, 'Solista');
INSERT INTO Tipo (Id, Tipo) VALUES(   2, 'Dueto');
INSERT INTO Tipo (Id, Tipo) VALUES(   3, 'Trío');
INSERT INTO Tipo (Id, Tipo) VALUES(   4, 'Cuarteto');
INSERT INTO Tipo (Id, Tipo) VALUES(   5, 'Grupo');
SET IDENTITY_INSERT Tipo OFF

SET IDENTITY_INSERT Ritmo ON
INSERT INTO Ritmo (Id, Ritmo) VALUES(   1, 'Balada');
INSERT INTO Ritmo (Id, Ritmo) VALUES(   2, 'Pop');
INSERT INTO Ritmo (Id, Ritmo) VALUES(   3, 'Salsa');
INSERT INTO Ritmo (Id, Ritmo) VALUES(   4, 'Vallenato');
INSERT INTO Ritmo (Id, Ritmo) VALUES(   5, 'Rock');
INSERT INTO Ritmo (Id, Ritmo) VALUES(   6, 'Guabina');
INSERT INTO Ritmo (Id, Ritmo) VALUES(   7, 'Merengue');
INSERT INTO Ritmo (Id, Ritmo) VALUES(   8, 'Cumbia');
INSERT INTO Ritmo (Id, Ritmo) VALUES(   9, 'Bambuco');
INSERT INTO Ritmo (Id, Ritmo) VALUES(  10, 'Vals');
INSERT INTO Ritmo (Id, Ritmo) VALUES(  11, 'Porro');
INSERT INTO Ritmo (Id, Ritmo) VALUES(  12, 'Ranchera');
INSERT INTO Ritmo (Id, Ritmo) VALUES(  13, 'Bolero');
INSERT INTO Ritmo (Id, Ritmo) VALUES(  14, 'Pasillo');
SET IDENTITY_INSERT Ritmo OFF

SET IDENTITY_INSERT Formato ON
INSERT INTO Formato (Id, Formato) VALUES(   1, 'Pista Vinilo');
INSERT INTO Formato (Id, Formato) VALUES(   2, 'Pista CD');
INSERT INTO Formato (Id, Formato) VALUES(   3, 'MP3');
INSERT INTO Formato (Id, Formato) VALUES(   4, 'MPG');
INSERT INTO Formato (Id, Formato) VALUES(   5, 'DVD');
SET IDENTITY_INSERT Formato OFF

SET IDENTITY_INSERT Medio ON
INSERT INTO Medio (Id, Medio) VALUES(   1, 'Vinilo 75 RPM');
INSERT INTO Medio (Id, Medio) VALUES(   2, 'Vinilo 45 RPM');
INSERT INTO Medio (Id, Medio) VALUES(   3, 'Vinilo 33 RPM');
INSERT INTO Medio (Id, Medio) VALUES(   4, 'Cassette');
INSERT INTO Medio (Id, Medio) VALUES(   5, 'CD');
INSERT INTO Medio (Id, Medio) VALUES(   6, 'DVD');
SET IDENTITY_INSERT Medio OFF

SET IDENTITY_INSERT Idioma ON
INSERT INTO Idioma (Id, Idioma) VALUES(   1, 'Espanol');
INSERT INTO Idioma (Id, Idioma) VALUES(   2, 'Ingles');
INSERT INTO Idioma (Id, Idioma) VALUES(   3, 'Italiano');
INSERT INTO Idioma (Id, Idioma) VALUES(   4, 'Frances');
INSERT INTO Idioma (Id, Idioma) VALUES(   5, 'Portugues');
SET IDENTITY_INSERT Idioma OFF

SET IDENTITY_INSERT Compositor ON
INSERT INTO Compositor (Id, Nombre, IdPais, Foto) VALUES(   0, '** Desconocido **',    1, NULL);
INSERT INTO Compositor (Id, Nombre, IdPais, Foto) VALUES(   1, 'Julio Ernesto Estrada Rincon  (FRUKO)',    1, NULL);
INSERT INTO Compositor (Id, Nombre, IdPais, Foto) VALUES(   3, 'Carlos Vives',    1, NULL);
INSERT INTO Compositor (Id, Nombre, IdPais, Foto) VALUES(   4, 'Rafael Escalona',    1, NULL);
INSERT INTO Compositor (Id, Nombre, IdPais, Foto) VALUES(   6, 'Emiliano Zuleta Baquero',    1, NULL);
INSERT INTO Compositor (Id, Nombre, IdPais, Foto) VALUES(   7, 'Alvaro Carrillo',   14, NULL);
INSERT INTO Compositor (Id, Nombre, IdPais, Foto) VALUES(   8, 'Jose A Morales',    1, NULL);
INSERT INTO Compositor (Id, Nombre, IdPais, Foto) VALUES(   9, 'Umberto Tozzi',   23, NULL);
INSERT INTO Compositor (Id, Nombre, IdPais, Foto) VALUES(  10, 'Jose Luis Perales',   22, NULL);
INSERT INTO Compositor (Id, Nombre, IdPais, Foto) VALUES(  13, 'Valerio Negrini',   23, NULL);
INSERT INTO Compositor (Id, Nombre, IdPais, Foto) VALUES(  14, 'Roby Fachinetti',   23, NULL);
INSERT INTO Compositor (Id, Nombre, IdPais, Foto) VALUES(  15, 'Luis Gómez-Escolar',   22, NULL);
INSERT INTO Compositor (Id, Nombre, IdPais, Foto) VALUES(  17, 'Ken Gold',   11, NULL);
INSERT INTO Compositor (Id, Nombre, IdPais, Foto) VALUES(  18, 'Micky Denne',   11, NULL);
INSERT INTO Compositor (Id, Nombre, IdPais, Foto) VALUES(  20, 'Carlos Toro',   22, NULL);
INSERT INTO Compositor (Id, Nombre, IdPais, Foto) VALUES(  21, 'Roberto Carlos',    4, NULL);
INSERT INTO Compositor (Id, Nombre, IdPais, Foto) VALUES(  22, 'Erasmo Carlos',    4, NULL);
INSERT INTO Compositor (Id, Nombre, IdPais, Foto) VALUES(  23, 'Juan Esteban Aristizabal (JUANES)',    1, NULL);
INSERT INTO Compositor (Id, Nombre, IdPais, Foto) VALUES(  24, 'Andrés García',    1, NULL);
INSERT INTO Compositor (Id, Nombre, IdPais, Foto) VALUES(  25, 'Andres Castro',    1, NULL);
INSERT INTO Compositor (Id, Nombre, IdPais, Foto) VALUES(  26, 'Martin Madera',    1, NULL);
INSERT INTO Compositor (Id, Nombre, IdPais, Foto) VALUES(  27, 'Ivan Benavides',    1, NULL);
INSERT INTO Compositor (Id, Nombre, IdPais, Foto) VALUES(  28, 'Rick Springfield',   25, NULL);
INSERT INTO Compositor (Id, Nombre, IdPais, Foto) VALUES(  29, 'Maurice Gibb',   21, NULL);
INSERT INTO Compositor (Id, Nombre, IdPais, Foto) VALUES(  30, 'Robin Gibb',   21, NULL);
INSERT INTO Compositor (Id, Nombre, IdPais, Foto) VALUES(  31, 'Barry Gibb',   21, NULL);
INSERT INTO Compositor (Id, Nombre, IdPais, Foto) VALUES(  32, 'Paul McCartney',   21, NULL);
INSERT INTO Compositor (Id, Nombre, IdPais, Foto) VALUES(  33, 'John Lennon',   21, NULL);
INSERT INTO Compositor (Id, Nombre, IdPais, Foto) VALUES(  34, 'John Francis Bongiovi (JON BON JOVI)',   11, NULL);
INSERT INTO Compositor (Id, Nombre, IdPais, Foto) VALUES(  35, 'Richard Stephen Sambora (RICHIE SAMBORA)',   11, NULL);
INSERT INTO Compositor (Id, Nombre, IdPais, Foto) VALUES(  36, 'John Charles Barratt (DESMOND CHILD)',   11, NULL);
INSERT INTO Compositor (Id, Nombre, IdPais, Foto) VALUES(  37, 'Alfredo Gutierrez',    1, NULL);
INSERT INTO Compositor (Id, Nombre, IdPais, Foto) VALUES(  38, 'Dorindo Cárdenas',    1, NULL);
INSERT INTO Compositor (Id, Nombre, IdPais, Foto) VALUES(  39, 'Octavio Meza',    1, NULL);
INSERT INTO Compositor (Id, Nombre, IdPais, Foto) VALUES(  40, 'Lisandro Mesa',    1, NULL);
INSERT INTO Compositor (Id, Nombre, IdPais, Foto) VALUES(  41, 'Nelson Gonzalez',   20, NULL);
INSERT INTO Compositor (Id, Nombre, IdPais, Foto) VALUES(  42, 'Isaac Villanueva',    1, NULL);
INSERT INTO Compositor (Id, Nombre, IdPais, Foto) VALUES(  43, 'Jose Rafael Lopez',   20, NULL);
INSERT INTO Compositor (Id, Nombre, IdPais, Foto) VALUES(  44, 'Álvaro Velásquez',    1, NULL);
INSERT INTO Compositor (Id, Nombre, IdPais, Foto) VALUES(  45, 'Enrique Bonfante',    1, NULL);
INSERT INTO Compositor (Id, Nombre, IdPais, Foto) VALUES(  46, 'Arturo Jorge Ospina',    1, NULL);
INSERT INTO Compositor (Id, Nombre, IdPais, Foto) VALUES(  47, 'Roberto Solano',    1, NULL);
INSERT INTO Compositor (Id, Nombre, IdPais, Foto) VALUES(  48, 'Manuel Salvador González',    1, NULL);
INSERT INTO Compositor (Id, Nombre, IdPais, Foto) VALUES(  49, 'Manuel Mantilla',   18, NULL);
INSERT INTO Compositor (Id, Nombre, IdPais, Foto) VALUES(  50, 'Walter León Aguilar',   18, NULL);
INSERT INTO Compositor (Id, Nombre, IdPais, Foto) VALUES(  51, 'L Villalba',    1, NULL);
INSERT INTO Compositor (Id, Nombre, IdPais, Foto) VALUES(  52, 'Victor Gutierrez',    1, NULL);
INSERT INTO Compositor (Id, Nombre, IdPais, Foto) VALUES(  53, 'Rafael Campo Miranda',    1, NULL);
INSERT INTO Compositor (Id, Nombre, IdPais, Foto) VALUES(  54, 'Chico Buarque',    4, NULL);
INSERT INTO Compositor (Id, Nombre, IdPais, Foto) VALUES(  55, 'Omar Alfanno',   16, NULL);
INSERT INTO Compositor (Id, Nombre, IdPais, Foto) VALUES(  56, 'José Ortega Heredia (MANZANITA)',   22, NULL);
INSERT INTO Compositor (Id, Nombre, IdPais, Foto) VALUES(  57, 'Ruben Blades',   16, NULL);
INSERT INTO Compositor (Id, Nombre, IdPais, Foto) VALUES(  58, 'Tite Curet Alonso',   11, NULL);
INSERT INTO Compositor (Id, Nombre, IdPais, Foto) VALUES(  59, 'Luis Lopez Caban',   11, NULL);
INSERT INTO Compositor (Id, Nombre, IdPais, Foto) VALUES(  60, 'Walfrido Guevara',    8, NULL);
INSERT INTO Compositor (Id, Nombre, IdPais, Foto) VALUES(  61, 'Jose Cheo Marquetti',    8, NULL);
INSERT INTO Compositor (Id, Nombre, IdPais, Foto) VALUES(  62, 'Compay Segundo',    8, NULL);
INSERT INTO Compositor (Id, Nombre, IdPais, Foto) VALUES(  63, 'Polo Montanez',    8, NULL);
INSERT INTO Compositor (Id, Nombre, IdPais, Foto) VALUES(  64, 'Pedro Herrero',   22, NULL);
INSERT INTO Compositor (Id, Nombre, IdPais, Foto) VALUES(  65, 'Victor Manuel Garcia',    1, NULL);
INSERT INTO Compositor (Id, Nombre, IdPais, Foto) VALUES(  66, 'Ramon Chaverra',    1, NULL);
INSERT INTO Compositor (Id, Nombre, IdPais, Foto) VALUES(  67, 'Senen Palacios',    1, NULL);
INSERT INTO Compositor (Id, Nombre, IdPais, Foto) VALUES(  68, 'Jorge Risso',    2, NULL);
INSERT INTO Compositor (Id, Nombre, IdPais, Foto) VALUES(  69, 'Horacio Eduardo Cantero Hernández (MARCIANO)',    2, NULL);
INSERT INTO Compositor (Id, Nombre, IdPais, Foto) VALUES(  70, 'Bob Dylan',   11, NULL);
INSERT INTO Compositor (Id, Nombre, IdPais, Foto) VALUES(  71, 'Axl Rose',   11, NULL);
INSERT INTO Compositor (Id, Nombre, IdPais, Foto) VALUES(  72, 'Izzy Stradlin',   11, NULL);
INSERT INTO Compositor (Id, Nombre, IdPais, Foto) VALUES(  73, 'Fernando Z Maldonado',   14, NULL);
INSERT INTO Compositor (Id, Nombre, IdPais, Foto) VALUES(  74, 'Jose Maria Contursi',    2, NULL);
INSERT INTO Compositor (Id, Nombre, IdPais, Foto) VALUES(  75, 'Francisco Lomuto',    2, NULL);
INSERT INTO Compositor (Id, Nombre, IdPais, Foto) VALUES(  76, 'Jose Vaca Florez',   14, NULL);
INSERT INTO Compositor (Id, Nombre, IdPais, Foto) VALUES(  77, 'Enrique Navarro (COQUI)',   14, NULL);
INSERT INTO Compositor (Id, Nombre, IdPais, Foto) VALUES(  79, 'Carlos Baeza',    9, NULL);
INSERT INTO Compositor (Id, Nombre, IdPais, Foto) VALUES(  80, 'Bernardo Mitnik (CHICO NOVARRO)',    2, NULL);
INSERT INTO Compositor (Id, Nombre, IdPais, Foto) VALUES(  81, 'Mike Ribas',    2, NULL);
INSERT INTO Compositor (Id, Nombre, IdPais, Foto) VALUES(  82, 'Abelardo Pulido',   14, NULL);
INSERT INTO Compositor (Id, Nombre, IdPais, Foto) VALUES(  83, 'Rafael Gaston Perez',   15, NULL);
INSERT INTO Compositor (Id, Nombre, IdPais, Foto) VALUES(  84, 'Tomas Mendez Sosa',   14, NULL);
INSERT INTO Compositor (Id, Nombre, IdPais, Foto) VALUES(  85, 'Elpidio Ramirez Burgos',   14, NULL);
INSERT INTO Compositor (Id, Nombre, IdPais, Foto) VALUES(  86, 'Jose Fernando Emilio Olvera Sierra (FHER)',   14, NULL);
INSERT INTO Compositor (Id, Nombre, IdPais, Foto) VALUES(  87, 'Alejandro Gonzalez (ALEX ANIMAL)',   11, NULL);
INSERT INTO Compositor (Id, Nombre, IdPais, Foto) VALUES(  88, 'Jose Alfredo Jimenez',   14, NULL);
INSERT INTO Compositor (Id, Nombre, IdPais, Foto) VALUES(  90, 'Charles Chaplin',   11, NULL);
INSERT INTO Compositor (Id, Nombre, IdPais, Foto) VALUES(  91, 'Jose Augusto Coguil (JOSE AUGUSTO)',    4, NULL);
INSERT INTO Compositor (Id, Nombre, IdPais, Foto) VALUES(  92, 'Pierre Billon',   24, NULL);
INSERT INTO Compositor (Id, Nombre, IdPais, Foto) VALUES(  93, 'Jacques Revaux',   24, NULL);
INSERT INTO Compositor (Id, Nombre, IdPais, Foto) VALUES(  94, 'Roberto Livi',    2, NULL);
INSERT INTO Compositor (Id, Nombre, IdPais, Foto) VALUES(  95, 'Danny Daniel',   22, NULL);
INSERT INTO Compositor (Id, Nombre, IdPais, Foto) VALUES(  96, 'Sonny Marti',   22, NULL);
INSERT INTO Compositor (Id, Nombre, IdPais, Foto) VALUES(  97, 'Manuel de la Calva Diego',   22, NULL);
INSERT INTO Compositor (Id, Nombre, IdPais, Foto) VALUES(  98, 'Ramon Arcusa',   22, NULL);
INSERT INTO Compositor (Id, Nombre, IdPais, Foto) VALUES(  99, 'David Grohl',   11, NULL);
INSERT INTO Compositor (Id, Nombre, IdPais, Foto) VALUES( 100, 'Jorge Villamil',    1, NULL);
INSERT INTO Compositor (Id, Nombre, IdPais, Foto) VALUES( 101, 'Ramon Carrasco',    1, NULL);
INSERT INTO Compositor (Id, Nombre, IdPais, Foto) VALUES( 102, 'Yuridia Valenzuela Canseco (YURI)',   14, NULL);
INSERT INTO Compositor (Id, Nombre, IdPais, Foto) VALUES( 103, 'Luis Angel Marquez ',    2, NULL);
INSERT INTO Compositor (Id, Nombre, IdPais, Foto) VALUES( 104, 'Alejandro Vezzano',    2, NULL);
INSERT INTO Compositor (Id, Nombre, IdPais, Foto) VALUES( 105, 'Jorge Luis Piloto',    8, NULL);
INSERT INTO Compositor (Id, Nombre, IdPais, Foto) VALUES( 106, 'Felix Manuel Rodriguez Capo (BOBBY CAPO)',   11, NULL);
INSERT INTO Compositor (Id, Nombre, IdPais, Foto) VALUES( 107, 'Ary Evangelista Barroso',    2, NULL);
INSERT INTO Compositor (Id, Nombre, IdPais, Foto) VALUES( 108, 'Juan Carlos Calderon',   22, NULL);
INSERT INTO Compositor (Id, Nombre, IdPais, Foto) VALUES( 109, 'Honorio Herrero',   22, NULL);
SET IDENTITY_INSERT Compositor OFF

SET IDENTITY_INSERT Cancion ON
INSERT INTO Cancion (Id, Titulo, IdIdioma) VALUES(   1, 'Te amo',    1);
INSERT INTO Cancion (Id, Titulo, IdIdioma) VALUES(   2, 'Ti amo',    3);
INSERT INTO Cancion (Id, Titulo, IdIdioma) VALUES(   3, 'Tu',    1);
INSERT INTO Cancion (Id, Titulo, IdIdioma) VALUES(   4, 'Tu',    3);
INSERT INTO Cancion (Id, Titulo, IdIdioma) VALUES(   5, 'Creo en ti',    1);
INSERT INTO Cancion (Id, Titulo, IdIdioma) VALUES(   6, 'Eres todo para mi',    1);
INSERT INTO Cancion (Id, Titulo, IdIdioma) VALUES(   8, 'You to me are everything',    2);
INSERT INTO Cancion (Id, Titulo, IdIdioma) VALUES(   9, 'Linda',    1);
INSERT INTO Cancion (Id, Titulo, IdIdioma) VALUES(  11, 'Amiga',    1);
INSERT INTO Cancion (Id, Titulo, IdIdioma) VALUES(  12, 'Un gato en la oscuridad',    1);
INSERT INTO Cancion (Id, Titulo, IdIdioma) VALUES(  13, 'un gatto nel blu ',    3);
INSERT INTO Cancion (Id, Titulo, IdIdioma) VALUES(  14, 'Que sera de ti',    1);
INSERT INTO Cancion (Id, Titulo, IdIdioma) VALUES(  15, 'Como vai voce',    5);
INSERT INTO Cancion (Id, Titulo, IdIdioma) VALUES(  16, 'Detalles',    1);
INSERT INTO Cancion (Id, Titulo, IdIdioma) VALUES(  17, 'Detalhes',    5);
INSERT INTO Cancion (Id, Titulo, IdIdioma) VALUES(  18, 'Me enamora',    1);
INSERT INTO Cancion (Id, Titulo, IdIdioma) VALUES(  19, 'Es por ti',    1);
INSERT INTO Cancion (Id, Titulo, IdIdioma) VALUES(  20, 'Nada Valgo sin tu amor',    1);
INSERT INTO Cancion (Id, Titulo, IdIdioma) VALUES(  21, 'A Dios le pido',    1);
INSERT INTO Cancion (Id, Titulo, IdIdioma) VALUES(  22, 'Solo',    1);
INSERT INTO Cancion (Id, Titulo, IdIdioma) VALUES(  23, 'De madrugada',    1);
INSERT INTO Cancion (Id, Titulo, IdIdioma) VALUES(  24, 'La Gota fria',    1);
INSERT INTO Cancion (Id, Titulo, IdIdioma) VALUES(  25, 'La Tierra del Olvido',    1);
INSERT INTO Cancion (Id, Titulo, IdIdioma) VALUES(  26, 'Dejame entrar',    1);
INSERT INTO Cancion (Id, Titulo, IdIdioma) VALUES(  27, 'Love somebody',    2);
INSERT INTO Cancion (Id, Titulo, IdIdioma) VALUES(  29, 'Jessie s girl',    2);
INSERT INTO Cancion (Id, Titulo, IdIdioma) VALUES(  30, 'Someone Belonging to Someone',    2);
INSERT INTO Cancion (Id, Titulo, IdIdioma) VALUES(  31, 'Too much heaven ',    2);
INSERT INTO Cancion (Id, Titulo, IdIdioma) VALUES(  32, 'Love you inside and out ',    2);
INSERT INTO Cancion (Id, Titulo, IdIdioma) VALUES(  33, 'How deep is your love',    2);
INSERT INTO Cancion (Id, Titulo, IdIdioma) VALUES(  34, 'Emotions',    2);
INSERT INTO Cancion (Id, Titulo, IdIdioma) VALUES(  35, 'Yesterday',    2);
INSERT INTO Cancion (Id, Titulo, IdIdioma) VALUES(  36, 'Let it be',    2);
INSERT INTO Cancion (Id, Titulo, IdIdioma) VALUES(  38, 'A Hard Day s Night ',    2);
INSERT INTO Cancion (Id, Titulo, IdIdioma) VALUES(  39, 'Hey Jude',    2);
INSERT INTO Cancion (Id, Titulo, IdIdioma) VALUES(  40, 'Never say goodbye',    2);
INSERT INTO Cancion (Id, Titulo, IdIdioma) VALUES(  41, 'I'+CHAR(39)+'ll be there for you',    2);
INSERT INTO Cancion (Id, Titulo, IdIdioma) VALUES(  42, 'This Ain t A Love Song',    1);
INSERT INTO Cancion (Id, Titulo, IdIdioma) VALUES(  43, 'Como yo nadie te ha amado ',    2);
INSERT INTO Cancion (Id, Titulo, IdIdioma) VALUES(  44, 'El Solitario',    1);
INSERT INTO Cancion (Id, Titulo, IdIdioma) VALUES(  45, 'Dos mujeres',    1);
INSERT INTO Cancion (Id, Titulo, IdIdioma) VALUES(  47, 'Festival en guarare',    1);
INSERT INTO Cancion (Id, Titulo, IdIdioma) VALUES(  48, 'Mi carrito',    1);
INSERT INTO Cancion (Id, Titulo, IdIdioma) VALUES(  49, 'El Hijo de tuta ',    1);
INSERT INTO Cancion (Id, Titulo, IdIdioma) VALUES(  50, 'Entre rejas',    1);
INSERT INTO Cancion (Id, Titulo, IdIdioma) VALUES(  51, 'Estas pillao',    1);
INSERT INTO Cancion (Id, Titulo, IdIdioma) VALUES(  52, 'Sal y agua',    1);
INSERT INTO Cancion (Id, Titulo, IdIdioma) VALUES(  53, 'Llorandote',    1);
INSERT INTO Cancion (Id, Titulo, IdIdioma) VALUES(  54, 'La Sirena',    1);
INSERT INTO Cancion (Id, Titulo, IdIdioma) VALUES(  55, 'Payaso',    1);
INSERT INTO Cancion (Id, Titulo, IdIdioma) VALUES(  56, 'El Forastero',    1);
INSERT INTO Cancion (Id, Titulo, IdIdioma) VALUES(  57, 'El Porro',    1);
INSERT INTO Cancion (Id, Titulo, IdIdioma) VALUES(  58, 'Traicionera',    1);
INSERT INTO Cancion (Id, Titulo, IdIdioma) VALUES(  59, 'Golpe con golpe',    1);
INSERT INTO Cancion (Id, Titulo, IdIdioma) VALUES(  60, 'Loquito por ti',    1);
INSERT INTO Cancion (Id, Titulo, IdIdioma) VALUES(  61, 'Las calenas',    1);
INSERT INTO Cancion (Id, Titulo, IdIdioma) VALUES(  62, 'Gitana',    1);
INSERT INTO Cancion (Id, Titulo, IdIdioma) VALUES(  63, 'El gran varon',    1);
INSERT INTO Cancion (Id, Titulo, IdIdioma) VALUES(  64, 'Periodico de ayer',    1);
INSERT INTO Cancion (Id, Titulo, IdIdioma) VALUES(  65, 'Juanito alimana',    1);
INSERT INTO Cancion (Id, Titulo, IdIdioma) VALUES(  66, 'El cantante',    1);
INSERT INTO Cancion (Id, Titulo, IdIdioma) VALUES(  67, 'Triste y vacia',    1);
INSERT INTO Cancion (Id, Titulo, IdIdioma) VALUES(  68, 'La juma de ayer',    1);
INSERT INTO Cancion (Id, Titulo, IdIdioma) VALUES(  69, 'Oriente',    1);
INSERT INTO Cancion (Id, Titulo, IdIdioma) VALUES(  70, 'Ahora me da pena',    1);
INSERT INTO Cancion (Id, Titulo, IdIdioma) VALUES(  71, 'Hablame de ti',    1);
INSERT INTO Cancion (Id, Titulo, IdIdioma) VALUES(  72, 'Esperanzas',    1);
INSERT INTO Cancion (Id, Titulo, IdIdioma) VALUES(  73, 'Un monton de estrellas',    1);
INSERT INTO Cancion (Id, Titulo, IdIdioma) VALUES(  74, 'El preso',    1);
INSERT INTO Cancion (Id, Titulo, IdIdioma) VALUES(  75, 'El ausente',    1);
INSERT INTO Cancion (Id, Titulo, IdIdioma) VALUES(  76, 'Manyoma',    1);
INSERT INTO Cancion (Id, Titulo, IdIdioma) VALUES(  77, 'El caminante',    1);
INSERT INTO Cancion (Id, Titulo, IdIdioma) VALUES(  78, 'Los charcos',    1);
INSERT INTO Cancion (Id, Titulo, IdIdioma) VALUES(  79, 'Los patulekos',    1);
INSERT INTO Cancion (Id, Titulo, IdIdioma) VALUES(  80, 'Sobre las olas',    1);
INSERT INTO Cancion (Id, Titulo, IdIdioma) VALUES(  81, 'Dime que paso',    1);
INSERT INTO Cancion (Id, Titulo, IdIdioma) VALUES(  82, 'Las cabanuelas',    1);
INSERT INTO Cancion (Id, Titulo, IdIdioma) VALUES(  83, 'Las calenas son como las flores',    1);
INSERT INTO Cancion (Id, Titulo, IdIdioma) VALUES(  84, 'Mojada',    1);
INSERT INTO Cancion (Id, Titulo, IdIdioma) VALUES(  85, 'Un camino hasta vos',    1);
INSERT INTO Cancion (Id, Titulo, IdIdioma) VALUES(  86, 'Auto rojo',    1);
INSERT INTO Cancion (Id, Titulo, IdIdioma) VALUES(  87, 'Verano traidor',    1);
INSERT INTO Cancion (Id, Titulo, IdIdioma) VALUES(  88, 'Pachanga',    1);
INSERT INTO Cancion (Id, Titulo, IdIdioma) VALUES(  89, 'Te vi en un tren',    1);
INSERT INTO Cancion (Id, Titulo, IdIdioma) VALUES(  90, 'El extrano de pelo largo',    1);
INSERT INTO Cancion (Id, Titulo, IdIdioma) VALUES(  91, 'Mi primer dia sin ti',    1);
INSERT INTO Cancion (Id, Titulo, IdIdioma) VALUES(  92, 'Por el resto',    1);
INSERT INTO Cancion (Id, Titulo, IdIdioma) VALUES(  93, 'No me veras',    1);
INSERT INTO Cancion (Id, Titulo, IdIdioma) VALUES(  94, 'Knocking on Heaven s door',    2);
INSERT INTO Cancion (Id, Titulo, IdIdioma) VALUES(  96, 'Don t Cry',    2);
INSERT INTO Cancion (Id, Titulo, IdIdioma) VALUES(  97, 'November Rain',    2);
INSERT INTO Cancion (Id, Titulo, IdIdioma) VALUES(  98, 'Payaso',    1);
INSERT INTO Cancion (Id, Titulo, IdIdioma) VALUES(  99, 'Cuando calienta el sol',    1);
INSERT INTO Cancion (Id, Titulo, IdIdioma) VALUES( 100, 'Te amare toda la vida',    1);
INSERT INTO Cancion (Id, Titulo, IdIdioma) VALUES( 101, 'Sabor a mi',    1);
INSERT INTO Cancion (Id, Titulo, IdIdioma) VALUES( 102, 'Sombras',    1);
INSERT INTO Cancion (Id, Titulo, IdIdioma) VALUES( 103, 'Las rejas no matan',    1);
INSERT INTO Cancion (Id, Titulo, IdIdioma) VALUES( 104, 'Malaguena',    1);
INSERT INTO Cancion (Id, Titulo, IdIdioma) VALUES( 105, 'Rayando el sol',    1);
INSERT INTO Cancion (Id, Titulo, IdIdioma) VALUES( 106, 'Oye mi amor',    1);
INSERT INTO Cancion (Id, Titulo, IdIdioma) VALUES( 107, 'Vivir sin aire',    1);
INSERT INTO Cancion (Id, Titulo, IdIdioma) VALUES( 108, 'Me vale',    1);
INSERT INTO Cancion (Id, Titulo, IdIdioma) VALUES( 109, 'Dejame entrar',    1);
INSERT INTO Cancion (Id, Titulo, IdIdioma) VALUES( 110, 'Can not Get By Without You',    2);
INSERT INTO Cancion (Id, Titulo, IdIdioma) VALUES( 111, 'Candilejas',    1);
INSERT INTO Cancion (Id, Titulo, IdIdioma) VALUES( 112, 'Mi primer amor',    1);
INSERT INTO Cancion (Id, Titulo, IdIdioma) VALUES( 113, 'De que vale tener todo en la vida',    1);
INSERT INTO Cancion (Id, Titulo, IdIdioma) VALUES( 114, 'Me olvide de vivir',    1);
INSERT INTO Cancion (Id, Titulo, IdIdioma) VALUES( 116, 'Cuidado amor',    1);
INSERT INTO Cancion (Id, Titulo, IdIdioma) VALUES( 117, 'Por el amor de una mujer',    1);
INSERT INTO Cancion (Id, Titulo, IdIdioma) VALUES( 118, 'Quiereme mucho',    1);
INSERT INTO Cancion (Id, Titulo, IdIdioma) VALUES( 119, 'Everlong',    2);
INSERT INTO Cancion (Id, Titulo, IdIdioma) VALUES( 120, 'Breakout',    2);
INSERT INTO Cancion (Id, Titulo, IdIdioma) VALUES( 121, 'Los guaduales',    1);
INSERT INTO Cancion (Id, Titulo, IdIdioma) VALUES( 122, 'Me volvi viejo',    1);
INSERT INTO Cancion (Id, Titulo, IdIdioma) VALUES( 123, 'Pueblito viejo',    1);
INSERT INTO Cancion (Id, Titulo, IdIdioma) VALUES( 124, 'Los cisnes',    1);
INSERT INTO Cancion (Id, Titulo, IdIdioma) VALUES( 125, 'Oropel',    1);
INSERT INTO Cancion (Id, Titulo, IdIdioma) VALUES( 126, 'La maldita primavera',    1);
INSERT INTO Cancion (Id, Titulo, IdIdioma) VALUES( 127, 'Lluvia',    1);
INSERT INTO Cancion (Id, Titulo, IdIdioma) VALUES( 128, 'Viento',    1);
INSERT INTO Cancion (Id, Titulo, IdIdioma) VALUES( 129, 'La unica',    1);
INSERT INTO Cancion (Id, Titulo, IdIdioma) VALUES( 130, 'Nadie mejor que tu',    1);
INSERT INTO Cancion (Id, Titulo, IdIdioma) VALUES( 131, 'Mia',    1);
INSERT INTO Cancion (Id, Titulo, IdIdioma) VALUES( 132, 'Que locura enamorarme de ti',    1);
INSERT INTO Cancion (Id, Titulo, IdIdioma) VALUES( 133, 'Tu me haces falta',    1);
INSERT INTO Cancion (Id, Titulo, IdIdioma) VALUES( 134, 'Todo empezo',    1);
INSERT INTO Cancion (Id, Titulo, IdIdioma) VALUES( 135, 'No es casualidad',    1);
INSERT INTO Cancion (Id, Titulo, IdIdioma) VALUES( 136, 'Porque ahora',    1);
INSERT INTO Cancion (Id, Titulo, IdIdioma) VALUES( 137, 'La incondicional',    1);
INSERT INTO Cancion (Id, Titulo, IdIdioma) VALUES( 138, 'Ahora te puedes marchar',    1);
INSERT INTO Cancion (Id, Titulo, IdIdioma) VALUES( 139, 'Palabra de honor',    1);
INSERT INTO Cancion (Id, Titulo, IdIdioma) VALUES( 140, 'Saturday Night Fever',    2);
INSERT INTO Cancion (Id, Titulo, IdIdioma) VALUES( 141, 'And I Love Her',    2);
INSERT INTO Cancion (Id, Titulo, IdIdioma) VALUES( 142, 'Yo te amo',    1);
INSERT INTO Cancion (Id, Titulo, IdIdioma) VALUES( 143, 'Eu te amo',    5);
INSERT INTO Cancion (Id, Titulo, IdIdioma) VALUES( 145, 'Ojos Indios',    1);
INSERT INTO Cancion (Id, Titulo, IdIdioma) VALUES( 146, 'Buscandote',    1);
INSERT INTO Cancion (Id, Titulo, IdIdioma) VALUES( 147, 'El patillero',    1);
INSERT INTO Cancion (Id, Titulo, IdIdioma) VALUES( 148, 'El polvorete',    1);
INSERT INTO Cancion (Id, Titulo, IdIdioma) VALUES( 149, 'Las brisas del valle',    1);
INSERT INTO Cancion (Id, Titulo, IdIdioma) VALUES( 150, 'Oh que sera',    1);
INSERT INTO Cancion (Id, Titulo, IdIdioma) VALUES( 151, 'Esclavo y Amo',    1);
INSERT INTO Cancion (Id, Titulo, IdIdioma) VALUES( 152, 'Como deseo ser tu amor',    1);
INSERT INTO Cancion (Id, Titulo, IdIdioma) VALUES( 153, 'Un minuto de tu amor',    1);
INSERT INTO Cancion (Id, Titulo, IdIdioma) VALUES( 154, 'Que esperas de mi',    1);
INSERT INTO Cancion (Id, Titulo, IdIdioma) VALUES( 155, 'Entrega Total',    1);
INSERT INTO Cancion (Id, Titulo, IdIdioma) VALUES( 156, 'Ella',    1);
INSERT INTO Cancion (Id, Titulo, IdIdioma) VALUES( 157, 'El Jinete',    1);
INSERT INTO Cancion (Id, Titulo, IdIdioma) VALUES( 158, 'Yo solo busco un carino',    1);
INSERT INTO Cancion (Id, Titulo, IdIdioma) VALUES( 159, 'Soy un truhan soy un senor',    1);
INSERT INTO Cancion (Id, Titulo, IdIdioma) VALUES( 160, 'Tu me quemas',    1);
INSERT INTO Cancion (Id, Titulo, IdIdioma) VALUES( 161, 'Borra',    1);
SET IDENTITY_INSERT Cancion OFF

SET IDENTITY_INSERT Interprete ON
INSERT INTO Interprete (Id, Nombre, IdPais, IdTipo, Foto) VALUES(   1, 'Umberto Tozzi',   23,    1, NULL);
INSERT INTO Interprete (Id, Nombre, IdPais, IdTipo, Foto) VALUES(   2, 'Miguel Bose',   22,    1, NULL);
INSERT INTO Interprete (Id, Nombre, IdPais, IdTipo, Foto) VALUES(   3, 'Roberto Carlos',    4,    1, NULL);
INSERT INTO Interprete (Id, Nombre, IdPais, IdTipo, Foto) VALUES(   4, 'Juanes',    1,    1, NULL);
INSERT INTO Interprete (Id, Nombre, IdPais, IdTipo, Foto) VALUES(   5, 'Ekhymosis',    1,    5, NULL);
INSERT INTO Interprete (Id, Nombre, IdPais, IdTipo, Foto) VALUES(   6, 'Carlos Vives y la Provincia',    1,    5, NULL);
INSERT INTO Interprete (Id, Nombre, IdPais, IdTipo, Foto) VALUES(   7, 'Rick Springfield',   25,    1, NULL);
INSERT INTO Interprete (Id, Nombre, IdPais, IdTipo, Foto) VALUES(   8, 'Bee Gees',   21,    5, NULL);
INSERT INTO Interprete (Id, Nombre, IdPais, IdTipo, Foto) VALUES(   9, 'Beatles',   21,    5, NULL);
INSERT INTO Interprete (Id, Nombre, IdPais, IdTipo, Foto) VALUES(  10, 'Bon Jovi',   11,    5, NULL);
INSERT INTO Interprete (Id, Nombre, IdPais, IdTipo, Foto) VALUES(  11, 'Alfredo Gutierrez',    1,    1, NULL);
INSERT INTO Interprete (Id, Nombre, IdPais, IdTipo, Foto) VALUES(  12, 'Lisandro Meza y los hijos de la nina Luz',    1,    5, NULL);
INSERT INTO Interprete (Id, Nombre, IdPais, IdTipo, Foto) VALUES(  14, 'Nelson y sus estrellas',   20,    5, NULL);
INSERT INTO Interprete (Id, Nombre, IdPais, IdTipo, Foto) VALUES(  16, 'Pastor Lopez y su combo',   20,    5, NULL);
INSERT INTO Interprete (Id, Nombre, IdPais, IdTipo, Foto) VALUES(  17, 'Willie Colon',   11,    1, NULL);
INSERT INTO Interprete (Id, Nombre, IdPais, IdTipo, Foto) VALUES(  18, 'Hector Lavoe',   11,    1, NULL);
INSERT INTO Interprete (Id, Nombre, IdPais, IdTipo, Foto) VALUES(  19, 'Henry Fiol',   11,    1, NULL);
INSERT INTO Interprete (Id, Nombre, IdPais, IdTipo, Foto) VALUES(  20, 'Los Pecos',   22,    2, NULL);
INSERT INTO Interprete (Id, Nombre, IdPais, IdTipo, Foto) VALUES(  21, 'Polo Montañez',    8,    1, NULL);
INSERT INTO Interprete (Id, Nombre, IdPais, IdTipo, Foto) VALUES(  22, 'Fruko y sus tesos',    1,    5, NULL);
INSERT INTO Interprete (Id, Nombre, IdPais, IdTipo, Foto) VALUES(  23, 'Latin Brothers',    1,    5, NULL);
INSERT INTO Interprete (Id, Nombre, IdPais, IdTipo, Foto) VALUES(  24, 'Vilma Palma e Vampiros',    2,    5, NULL);
INSERT INTO Interprete (Id, Nombre, IdPais, IdTipo, Foto) VALUES(  25, 'Enanitos Verdes',    2,    5, NULL);
INSERT INTO Interprete (Id, Nombre, IdPais, IdTipo, Foto) VALUES(  27, 'Guns & Roses',   11,    5, NULL);
INSERT INTO Interprete (Id, Nombre, IdPais, IdTipo, Foto) VALUES(  28, 'Javier Solis',   14,    1, NULL);
INSERT INTO Interprete (Id, Nombre, IdPais, IdTipo, Foto) VALUES(  29, 'Mana',   14,    5, NULL);
INSERT INTO Interprete (Id, Nombre, IdPais, IdTipo, Foto) VALUES(  30, 'Real thing',   11,    5, NULL);
INSERT INTO Interprete (Id, Nombre, IdPais, IdTipo, Foto) VALUES(  31, 'Jose Augusto',    4,    1, NULL);
INSERT INTO Interprete (Id, Nombre, IdPais, IdTipo, Foto) VALUES(  32, 'Julio Iglesias',   22,    1, NULL);
INSERT INTO Interprete (Id, Nombre, IdPais, IdTipo, Foto) VALUES(  33, 'Foo Fighters ',   11,    5, NULL);
INSERT INTO Interprete (Id, Nombre, IdPais, IdTipo, Foto) VALUES(  34, 'Garzon y Collazos',    1,    2, NULL);
INSERT INTO Interprete (Id, Nombre, IdPais, IdTipo, Foto) VALUES(  35, 'Yuri',   14,    1, NULL);
INSERT INTO Interprete (Id, Nombre, IdPais, IdTipo, Foto) VALUES(  36, 'Luis Angel',    2,    1, NULL);
INSERT INTO Interprete (Id, Nombre, IdPais, IdTipo, Foto) VALUES(  37, 'Eddie Santiago',   11,    1, NULL);
INSERT INTO Interprete (Id, Nombre, IdPais, IdTipo, Foto) VALUES(  38, 'Billy Pontoni',    1,    1, NULL);
INSERT INTO Interprete (Id, Nombre, IdPais, IdTipo, Foto) VALUES(  39, 'Luis Miguel',   14,    1, NULL);
INSERT INTO Interprete (Id, Nombre, IdPais, IdTipo, Foto) VALUES(  40, 'Los Galos',    9,    5, NULL);
INSERT INTO Interprete (Id, Nombre, IdPais, IdTipo, Foto) VALUES(  41, 'Miguel Aceves Mejia',   14,    1, NULL);
INSERT INTO Interprete (Id, Nombre, IdPais, IdTipo, Foto) VALUES(  42, 'Danny Daniel',   22,    1, NULL);
INSERT INTO Interprete (Id, Nombre, IdPais, IdTipo, Foto) VALUES(  43, 'Daniel Celedon',    1,    1, NULL);
INSERT INTO Interprete (Id, Nombre, IdPais, IdTipo, Foto) VALUES(  44, 'Ensamble Latino',   12,    5, NULL);
INSERT INTO Interprete (Id, Nombre, IdPais, IdTipo, Foto) VALUES(  45, 'Willie Gonzalez',   11,    1, NULL);
SET IDENTITY_INSERT Interprete OFF

SET IDENTITY_INSERT Interpretacion ON
INSERT INTO Interpretacion (Id, Duracion, IdCancion, IdInterprete, IdRitmo) VALUES(   1, '4:04',    1,    1,    1);
INSERT INTO Interpretacion (Id, Duracion, IdCancion, IdInterprete, IdRitmo) VALUES(   2, '4:04',    2,    1,    1);
INSERT INTO Interpretacion (Id, Duracion, IdCancion, IdInterprete, IdRitmo) VALUES(   3, '4:10',    3,    1,    1);
INSERT INTO Interpretacion (Id, Duracion, IdCancion, IdInterprete, IdRitmo) VALUES(   4, '4:10',    4,    1,    1);
INSERT INTO Interpretacion (Id, Duracion, IdCancion, IdInterprete, IdRitmo) VALUES(   5, '3:25',    5,    2,    1);
INSERT INTO Interpretacion (Id, Duracion, IdCancion, IdInterprete, IdRitmo) VALUES(   6, '3:11',    6,    2,    1);
INSERT INTO Interpretacion (Id, Duracion, IdCancion, IdInterprete, IdRitmo) VALUES(   7, '3:12',    8,   30,    1);
INSERT INTO Interpretacion (Id, Duracion, IdCancion, IdInterprete, IdRitmo) VALUES(   8, '3:35',    9,    2,    1);
INSERT INTO Interpretacion (Id, Duracion, IdCancion, IdInterprete, IdRitmo) VALUES(   9, '4:40',   11,    2,    1);
INSERT INTO Interpretacion (Id, Duracion, IdCancion, IdInterprete, IdRitmo) VALUES(  10, '3:40',   12,    3,    1);
INSERT INTO Interpretacion (Id, Duracion, IdCancion, IdInterprete, IdRitmo) VALUES(  11, '3:40',   13,    3,    1);
INSERT INTO Interpretacion (Id, Duracion, IdCancion, IdInterprete, IdRitmo) VALUES(  12, '4:01',   14,    3,    1);
INSERT INTO Interpretacion (Id, Duracion, IdCancion, IdInterprete, IdRitmo) VALUES(  13, '4:01',   15,    3,    1);
INSERT INTO Interpretacion (Id, Duracion, IdCancion, IdInterprete, IdRitmo) VALUES(  14, '5:13',   16,    3,    1);
INSERT INTO Interpretacion (Id, Duracion, IdCancion, IdInterprete, IdRitmo) VALUES(  15, '5:13',   17,    3,    1);
INSERT INTO Interpretacion (Id, Duracion, IdCancion, IdInterprete, IdRitmo) VALUES(  16, '3:20',   18,    4,    2);
INSERT INTO Interpretacion (Id, Duracion, IdCancion, IdInterprete, IdRitmo) VALUES(  17, '3:59',   19,    4,    1);
INSERT INTO Interpretacion (Id, Duracion, IdCancion, IdInterprete, IdRitmo) VALUES(  18, '3:16',   20,    4,    1);
INSERT INTO Interpretacion (Id, Duracion, IdCancion, IdInterprete, IdRitmo) VALUES(  19, '3:33',   21,    4,    1);
INSERT INTO Interpretacion (Id, Duracion, IdCancion, IdInterprete, IdRitmo) VALUES(  20, '4:50',   22,    5,    2);
INSERT INTO Interpretacion (Id, Duracion, IdCancion, IdInterprete, IdRitmo) VALUES(  21, '4:20',   23,    5,    2);
INSERT INTO Interpretacion (Id, Duracion, IdCancion, IdInterprete, IdRitmo) VALUES(  22, '3:36',   24,    6,    4);
INSERT INTO Interpretacion (Id, Duracion, IdCancion, IdInterprete, IdRitmo) VALUES(  23, '4:18',   25,    6,    4);
INSERT INTO Interpretacion (Id, Duracion, IdCancion, IdInterprete, IdRitmo) VALUES(  24, '4:03',   26,    6,    4);
INSERT INTO Interpretacion (Id, Duracion, IdCancion, IdInterprete, IdRitmo) VALUES(  25, '3:40',   27,    7,    2);
INSERT INTO Interpretacion (Id, Duracion, IdCancion, IdInterprete, IdRitmo) VALUES(  26, '3:17',   29,    7,    2);
INSERT INTO Interpretacion (Id, Duracion, IdCancion, IdInterprete, IdRitmo) VALUES(  27, '3:58',   30,    8,    1);
INSERT INTO Interpretacion (Id, Duracion, IdCancion, IdInterprete, IdRitmo) VALUES(  28, '4:53',   31,    8,    1);
INSERT INTO Interpretacion (Id, Duracion, IdCancion, IdInterprete, IdRitmo) VALUES(  29, '3:56',   32,    8,    1);
INSERT INTO Interpretacion (Id, Duracion, IdCancion, IdInterprete, IdRitmo) VALUES(  30, '3:41',   33,    8,    1);
INSERT INTO Interpretacion (Id, Duracion, IdCancion, IdInterprete, IdRitmo) VALUES(  31, '3:58',   34,    8,    1);
INSERT INTO Interpretacion (Id, Duracion, IdCancion, IdInterprete, IdRitmo) VALUES(  32, '2:08',   35,    9,    1);
INSERT INTO Interpretacion (Id, Duracion, IdCancion, IdInterprete, IdRitmo) VALUES(  33, '3:50',   36,    9,    1);
INSERT INTO Interpretacion (Id, Duracion, IdCancion, IdInterprete, IdRitmo) VALUES(  34, '2:33',   38,    9,    2);
INSERT INTO Interpretacion (Id, Duracion, IdCancion, IdInterprete, IdRitmo) VALUES(  35, '7:01',   39,    9,    1);
INSERT INTO Interpretacion (Id, Duracion, IdCancion, IdInterprete, IdRitmo) VALUES(  36, '4:37',   40,   10,    1);
INSERT INTO Interpretacion (Id, Duracion, IdCancion, IdInterprete, IdRitmo) VALUES(  37, '5:32',   41,   10,    1);
INSERT INTO Interpretacion (Id, Duracion, IdCancion, IdInterprete, IdRitmo) VALUES(  38, '4:57',   42,   10,    1);
INSERT INTO Interpretacion (Id, Duracion, IdCancion, IdInterprete, IdRitmo) VALUES(  39, '4:57',   43,   10,    1);
INSERT INTO Interpretacion (Id, Duracion, IdCancion, IdInterprete, IdRitmo) VALUES(  40, '3:46',   44,   11,    4);
INSERT INTO Interpretacion (Id, Duracion, IdCancion, IdInterprete, IdRitmo) VALUES(  41, '3:52',   45,   11,    4);
INSERT INTO Interpretacion (Id, Duracion, IdCancion, IdInterprete, IdRitmo) VALUES(  42, '5:31',   47,   11,    4);
INSERT INTO Interpretacion (Id, Duracion, IdCancion, IdInterprete, IdRitmo) VALUES(  43, '3:00',   48,   12,    4);
INSERT INTO Interpretacion (Id, Duracion, IdCancion, IdInterprete, IdRitmo) VALUES(  44, '3:44',   49,   12,    4);
INSERT INTO Interpretacion (Id, Duracion, IdCancion, IdInterprete, IdRitmo) VALUES(  45, '3:53',   50,   12,    4);
INSERT INTO Interpretacion (Id, Duracion, IdCancion, IdInterprete, IdRitmo) VALUES(  46, '4:01',   51,   12,    4);
INSERT INTO Interpretacion (Id, Duracion, IdCancion, IdInterprete, IdRitmo) VALUES(  47, '3:44',   52,   12,    1);
INSERT INTO Interpretacion (Id, Duracion, IdCancion, IdInterprete, IdRitmo) VALUES(  48, '5:18',   53,   14,    3);
INSERT INTO Interpretacion (Id, Duracion, IdCancion, IdInterprete, IdRitmo) VALUES(  49, '2:45',   54,   14,    3);
INSERT INTO Interpretacion (Id, Duracion, IdCancion, IdInterprete, IdRitmo) VALUES(  50, '3:35',   55,   14,    3);
INSERT INTO Interpretacion (Id, Duracion, IdCancion, IdInterprete, IdRitmo) VALUES(  51, '3:04',   56,   14,    3);
INSERT INTO Interpretacion (Id, Duracion, IdCancion, IdInterprete, IdRitmo) VALUES(  52, '3:09',   57,   14,    3);
INSERT INTO Interpretacion (Id, Duracion, IdCancion, IdInterprete, IdRitmo) VALUES(  53, '3:31',   58,   16,   11);
INSERT INTO Interpretacion (Id, Duracion, IdCancion, IdInterprete, IdRitmo) VALUES(  54, '3:35',   59,   16,   11);
INSERT INTO Interpretacion (Id, Duracion, IdCancion, IdInterprete, IdRitmo) VALUES(  55, '4:43',   60,   16,   11);
INSERT INTO Interpretacion (Id, Duracion, IdCancion, IdInterprete, IdRitmo) VALUES(  56, '3:24',   61,   16,    3);
INSERT INTO Interpretacion (Id, Duracion, IdCancion, IdInterprete, IdRitmo) VALUES(  57, '6:50',   62,   17,    3);
INSERT INTO Interpretacion (Id, Duracion, IdCancion, IdInterprete, IdRitmo) VALUES(  58, '6:52',   63,   17,    3);
INSERT INTO Interpretacion (Id, Duracion, IdCancion, IdInterprete, IdRitmo) VALUES(  59, '4:25',   64,   18,    3);
INSERT INTO Interpretacion (Id, Duracion, IdCancion, IdInterprete, IdRitmo) VALUES(  60, '6:04',   65,   18,    3);
INSERT INTO Interpretacion (Id, Duracion, IdCancion, IdInterprete, IdRitmo) VALUES(  61, '4:25',   66,   18,    3);
INSERT INTO Interpretacion (Id, Duracion, IdCancion, IdInterprete, IdRitmo) VALUES(  62, '6:13',   67,   18,    3);
INSERT INTO Interpretacion (Id, Duracion, IdCancion, IdInterprete, IdRitmo) VALUES(  63, '7:24',   68,   19,    3);
INSERT INTO Interpretacion (Id, Duracion, IdCancion, IdInterprete, IdRitmo) VALUES(  64, '8:06',   69,   19,    3);
INSERT INTO Interpretacion (Id, Duracion, IdCancion, IdInterprete, IdRitmo) VALUES(  65, '4:38',   70,   19,    3);
INSERT INTO Interpretacion (Id, Duracion, IdCancion, IdInterprete, IdRitmo) VALUES(  66, '3:26',   71,   20,    1);
INSERT INTO Interpretacion (Id, Duracion, IdCancion, IdInterprete, IdRitmo) VALUES(  67, '3:32',   72,   20,    1);
INSERT INTO Interpretacion (Id, Duracion, IdCancion, IdInterprete, IdRitmo) VALUES(  68, '4:06',   73,   21,    3);
INSERT INTO Interpretacion (Id, Duracion, IdCancion, IdInterprete, IdRitmo) VALUES(  69, '4:51',   74,   22,    3);
INSERT INTO Interpretacion (Id, Duracion, IdCancion, IdInterprete, IdRitmo) VALUES(  70, '3:57',   75,   22,    3);
INSERT INTO Interpretacion (Id, Duracion, IdCancion, IdInterprete, IdRitmo) VALUES(  71, '4:07',   76,   22,    3);
INSERT INTO Interpretacion (Id, Duracion, IdCancion, IdInterprete, IdRitmo) VALUES(  72, '3:20',   77,   22,    3);
INSERT INTO Interpretacion (Id, Duracion, IdCancion, IdInterprete, IdRitmo) VALUES(  73, '5:02',   78,   22,    3);
INSERT INTO Interpretacion (Id, Duracion, IdCancion, IdInterprete, IdRitmo) VALUES(  74, '6:24',   79,   22,    3);
INSERT INTO Interpretacion (Id, Duracion, IdCancion, IdInterprete, IdRitmo) VALUES(  75, '3:22',   80,   23,    3);
INSERT INTO Interpretacion (Id, Duracion, IdCancion, IdInterprete, IdRitmo) VALUES(  76, '3:28',   81,   23,    3);
INSERT INTO Interpretacion (Id, Duracion, IdCancion, IdInterprete, IdRitmo) VALUES(  77, '6:10',   82,   23,    3);
INSERT INTO Interpretacion (Id, Duracion, IdCancion, IdInterprete, IdRitmo) VALUES(  78, '4:23',   83,   23,    3);
INSERT INTO Interpretacion (Id, Duracion, IdCancion, IdInterprete, IdRitmo) VALUES(  79, '6:11',   84,   24,    1);
INSERT INTO Interpretacion (Id, Duracion, IdCancion, IdInterprete, IdRitmo) VALUES(  80, '5:35',   85,   24,    1);
INSERT INTO Interpretacion (Id, Duracion, IdCancion, IdInterprete, IdRitmo) VALUES(  81, '5:05',   86,   24,    2);
INSERT INTO Interpretacion (Id, Duracion, IdCancion, IdInterprete, IdRitmo) VALUES(  82, '6:50',   87,   24,    2);
INSERT INTO Interpretacion (Id, Duracion, IdCancion, IdInterprete, IdRitmo) VALUES(  83, '4:50',   88,   24,    2);
INSERT INTO Interpretacion (Id, Duracion, IdCancion, IdInterprete, IdRitmo) VALUES(  84, '4:07',   89,   25,    2);
INSERT INTO Interpretacion (Id, Duracion, IdCancion, IdInterprete, IdRitmo) VALUES(  85, '2:56',   90,   25,    2);
INSERT INTO Interpretacion (Id, Duracion, IdCancion, IdInterprete, IdRitmo) VALUES(  86, '5:15',   91,   25,    1);
INSERT INTO Interpretacion (Id, Duracion, IdCancion, IdInterprete, IdRitmo) VALUES(  87, '4:28',   92,   25,    2);
INSERT INTO Interpretacion (Id, Duracion, IdCancion, IdInterprete, IdRitmo) VALUES(  88, '4:30',   93,   25,    2);
INSERT INTO Interpretacion (Id, Duracion, IdCancion, IdInterprete, IdRitmo) VALUES(  89, '5:46',   94,   27,    5);
INSERT INTO Interpretacion (Id, Duracion, IdCancion, IdInterprete, IdRitmo) VALUES(  90, '5:13',   96,   27,    5);
INSERT INTO Interpretacion (Id, Duracion, IdCancion, IdInterprete, IdRitmo) VALUES(  91, '9:18',   97,   27,    5);
INSERT INTO Interpretacion (Id, Duracion, IdCancion, IdInterprete, IdRitmo) VALUES(  92, '3:06',   98,   28,   12);
INSERT INTO Interpretacion (Id, Duracion, IdCancion, IdInterprete, IdRitmo) VALUES(  93, '2:58',   99,   28,   12);
INSERT INTO Interpretacion (Id, Duracion, IdCancion, IdInterprete, IdRitmo) VALUES(  94, '2:15',  100,   28,   12);
INSERT INTO Interpretacion (Id, Duracion, IdCancion, IdInterprete, IdRitmo) VALUES(  95, '3:05',  101,   28,   12);
INSERT INTO Interpretacion (Id, Duracion, IdCancion, IdInterprete, IdRitmo) VALUES(  96, '2:51',  102,   28,   12);
INSERT INTO Interpretacion (Id, Duracion, IdCancion, IdInterprete, IdRitmo) VALUES(  97, '3:10',  103,   28,   12);
INSERT INTO Interpretacion (Id, Duracion, IdCancion, IdInterprete, IdRitmo) VALUES(  98, '1:42',  104,   28,   12);
INSERT INTO Interpretacion (Id, Duracion, IdCancion, IdInterprete, IdRitmo) VALUES(  99, '6:01',  105,   29,    2);
INSERT INTO Interpretacion (Id, Duracion, IdCancion, IdInterprete, IdRitmo) VALUES( 100, '4:35',  106,   29,    2);
INSERT INTO Interpretacion (Id, Duracion, IdCancion, IdInterprete, IdRitmo) VALUES( 101, '4:52',  107,   29,    1);
INSERT INTO Interpretacion (Id, Duracion, IdCancion, IdInterprete, IdRitmo) VALUES( 102, '4:37',  108,   29,    2);
INSERT INTO Interpretacion (Id, Duracion, IdCancion, IdInterprete, IdRitmo) VALUES( 103, '4:23',  109,   29,    2);
INSERT INTO Interpretacion (Id, Duracion, IdCancion, IdInterprete, IdRitmo) VALUES( 104, '3:00',  110,   30,    2);
INSERT INTO Interpretacion (Id, Duracion, IdCancion, IdInterprete, IdRitmo) VALUES( 105, '3:33',  111,   31,    1);
INSERT INTO Interpretacion (Id, Duracion, IdCancion, IdInterprete, IdRitmo) VALUES( 106, '3:40',  112,   31,    1);
INSERT INTO Interpretacion (Id, Duracion, IdCancion, IdInterprete, IdRitmo) VALUES( 107, '3:45',  113,   31,    1);
INSERT INTO Interpretacion (Id, Duracion, IdCancion, IdInterprete, IdRitmo) VALUES( 108, '4:45',  114,   32,    1);
INSERT INTO Interpretacion (Id, Duracion, IdCancion, IdInterprete, IdRitmo) VALUES( 109, '4:04',  116,   32,    1);
INSERT INTO Interpretacion (Id, Duracion, IdCancion, IdInterprete, IdRitmo) VALUES( 110, '3:50',  117,   32,    1);
INSERT INTO Interpretacion (Id, Duracion, IdCancion, IdInterprete, IdRitmo) VALUES( 111, '4:16',  118,   32,    1);
INSERT INTO Interpretacion (Id, Duracion, IdCancion, IdInterprete, IdRitmo) VALUES( 112, '4:52',  119,   33,    2);
INSERT INTO Interpretacion (Id, Duracion, IdCancion, IdInterprete, IdRitmo) VALUES( 113, '4:18',  120,   33,    2);
INSERT INTO Interpretacion (Id, Duracion, IdCancion, IdInterprete, IdRitmo) VALUES( 114, '3:06',  121,   34,    6);
INSERT INTO Interpretacion (Id, Duracion, IdCancion, IdInterprete, IdRitmo) VALUES( 115, '3:02',  122,   34,    6);
INSERT INTO Interpretacion (Id, Duracion, IdCancion, IdInterprete, IdRitmo) VALUES( 116, '2:30',  123,   34,    6);
INSERT INTO Interpretacion (Id, Duracion, IdCancion, IdInterprete, IdRitmo) VALUES( 117, '3:38',  124,   34,   10);
INSERT INTO Interpretacion (Id, Duracion, IdCancion, IdInterprete, IdRitmo) VALUES( 118, '2:22',  125,   34,   10);
INSERT INTO Interpretacion (Id, Duracion, IdCancion, IdInterprete, IdRitmo) VALUES( 119, '3:48',  126,   35,    1);
INSERT INTO Interpretacion (Id, Duracion, IdCancion, IdInterprete, IdRitmo) VALUES( 120, '4:54',  127,   37,    3);
INSERT INTO Interpretacion (Id, Duracion, IdCancion, IdInterprete, IdRitmo) VALUES( 121, '4:07',  128,   36,    1);
INSERT INTO Interpretacion (Id, Duracion, IdCancion, IdInterprete, IdRitmo) VALUES( 122, '4:27',  129,   36,    1);
INSERT INTO Interpretacion (Id, Duracion, IdCancion, IdInterprete, IdRitmo) VALUES( 123, '3:51',  130,   37,    3);
INSERT INTO Interpretacion (Id, Duracion, IdCancion, IdInterprete, IdRitmo) VALUES( 124, '4:50',  131,   37,    3);
INSERT INTO Interpretacion (Id, Duracion, IdCancion, IdInterprete, IdRitmo) VALUES( 125, '3:58',  132,   37,    3);
INSERT INTO Interpretacion (Id, Duracion, IdCancion, IdInterprete, IdRitmo) VALUES( 126, '4:40',  133,   37,    3);
INSERT INTO Interpretacion (Id, Duracion, IdCancion, IdInterprete, IdRitmo) VALUES( 127, '4:50',  134,   37,    3);
INSERT INTO Interpretacion (Id, Duracion, IdCancion, IdInterprete, IdRitmo) VALUES( 128, '5:22',  135,   45,    3);
INSERT INTO Interpretacion (Id, Duracion, IdCancion, IdInterprete, IdRitmo) VALUES( 129, '3:27',  136,   38,    1);
INSERT INTO Interpretacion (Id, Duracion, IdCancion, IdInterprete, IdRitmo) VALUES( 130, '4:20',  137,   39,    1);
INSERT INTO Interpretacion (Id, Duracion, IdCancion, IdInterprete, IdRitmo) VALUES( 131, '3:10',  138,   39,    2);
INSERT INTO Interpretacion (Id, Duracion, IdCancion, IdInterprete, IdRitmo) VALUES( 132, '3:50',  139,   39,    1);
INSERT INTO Interpretacion (Id, Duracion, IdCancion, IdInterprete, IdRitmo) VALUES( 133, '3:32',  140,    8,    2);
INSERT INTO Interpretacion (Id, Duracion, IdCancion, IdInterprete, IdRitmo) VALUES( 134, '2:40',  141,    9,    1);
INSERT INTO Interpretacion (Id, Duracion, IdCancion, IdInterprete, IdRitmo) VALUES( 135, '4:00',  142,    3,    1);
INSERT INTO Interpretacion (Id, Duracion, IdCancion, IdInterprete, IdRitmo) VALUES( 136, '4:00',  143,    3,    1);
INSERT INTO Interpretacion (Id, Duracion, IdCancion, IdInterprete, IdRitmo) VALUES( 137, '3:18',  145,   11,    4);
INSERT INTO Interpretacion (Id, Duracion, IdCancion, IdInterprete, IdRitmo) VALUES( 138, '4:44',  146,   23,    3);
INSERT INTO Interpretacion (Id, Duracion, IdCancion, IdInterprete, IdRitmo) VALUES( 139, '3:25',  147,   22,    3);
INSERT INTO Interpretacion (Id, Duracion, IdCancion, IdInterprete, IdRitmo) VALUES( 140, '3:48',  148,   12,    4);
INSERT INTO Interpretacion (Id, Duracion, IdCancion, IdInterprete, IdRitmo) VALUES( 141, '2:35',  149,   16,    4);
INSERT INTO Interpretacion (Id, Duracion, IdCancion, IdInterprete, IdRitmo) VALUES( 142, '6:10',  150,   17,    3);
INSERT INTO Interpretacion (Id, Duracion, IdCancion, IdInterprete, IdRitmo) VALUES( 143, '2:56',  151,   28,   12);
INSERT INTO Interpretacion (Id, Duracion, IdCancion, IdInterprete, IdRitmo) VALUES( 144, '3:54',  152,   40,    1);
INSERT INTO Interpretacion (Id, Duracion, IdCancion, IdInterprete, IdRitmo) VALUES( 145, '3:39',  153,   40,    1);
INSERT INTO Interpretacion (Id, Duracion, IdCancion, IdInterprete, IdRitmo) VALUES( 146, '3:50',  154,   40,    1);
INSERT INTO Interpretacion (Id, Duracion, IdCancion, IdInterprete, IdRitmo) VALUES( 147, '2:50',  155,   40,    1);
INSERT INTO Interpretacion (Id, Duracion, IdCancion, IdInterprete, IdRitmo) VALUES( 148, '3:35',  156,   41,   12);
INSERT INTO Interpretacion (Id, Duracion, IdCancion, IdInterprete, IdRitmo) VALUES( 149, '3:03',  157,   41,   12);
INSERT INTO Interpretacion (Id, Duracion, IdCancion, IdInterprete, IdRitmo) VALUES( 150, '3:05',  158,   31,    1);
INSERT INTO Interpretacion (Id, Duracion, IdCancion, IdInterprete, IdRitmo) VALUES( 151, '3:09',  159,   22,    1);
INSERT INTO Interpretacion (Id, Duracion, IdCancion, IdInterprete, IdRitmo) VALUES( 152, '5:01',  160,   37,    3);
INSERT INTO Interpretacion (Id, Duracion, IdCancion, IdInterprete, IdRitmo) VALUES( 153, '3:10',  161,   38,    1);
INSERT INTO Interpretacion (Id, Duracion, IdCancion, IdInterprete, IdRitmo) VALUES( 154, '3:42',   24,   32,    4);
INSERT INTO Interpretacion (Id, Duracion, IdCancion, IdInterprete, IdRitmo) VALUES( 155, '4:25',   24,   43,    4);
INSERT INTO Interpretacion (Id, Duracion, IdCancion, IdInterprete, IdRitmo) VALUES( 156, '3:45',   81,   38,    1);
INSERT INTO Interpretacion (Id, Duracion, IdCancion, IdInterprete, IdRitmo) VALUES( 157, '4:37',   99,   39,    2);
INSERT INTO Interpretacion (Id, Duracion, IdCancion, IdInterprete, IdRitmo) VALUES( 158, '3:05',  101,   39,    2);
INSERT INTO Interpretacion (Id, Duracion, IdCancion, IdInterprete, IdRitmo) VALUES( 159, '4:12',  104,   39,   13);
INSERT INTO Interpretacion (Id, Duracion, IdCancion, IdInterprete, IdRitmo) VALUES( 160, '4:14',  111,   32,    1);
INSERT INTO Interpretacion (Id, Duracion, IdCancion, IdInterprete, IdRitmo) VALUES( 161, '3:50',  117,   42,    1);
INSERT INTO Interpretacion (Id, Duracion, IdCancion, IdInterprete, IdRitmo) VALUES( 164, '4:01',   72,   35,    1);
INSERT INTO Interpretacion (Id, Duracion, IdCancion, IdInterprete, IdRitmo) VALUES( 165, '3:47',  127,   36,    1);
INSERT INTO Interpretacion (Id, Duracion, IdCancion, IdInterprete, IdRitmo) VALUES( 166, '5:01',  129,   44,    3);
INSERT INTO Interpretacion (Id, Duracion, IdCancion, IdInterprete, IdRitmo) VALUES( 167, '3:21',  130,   36,    1);
INSERT INTO Interpretacion (Id, Duracion, IdCancion, IdInterprete, IdRitmo) VALUES( 168, '3:47',  134,   36,    1);
INSERT INTO Interpretacion (Id, Duracion, IdCancion, IdInterprete, IdRitmo) VALUES( 169, '2:40',  155,   28,   12);
INSERT INTO Interpretacion (Id, Duracion, IdCancion, IdInterprete, IdRitmo) VALUES( 170, '2:00',  104,   41,   12);
INSERT INTO Interpretacion (Id, Duracion, IdCancion, IdInterprete, IdRitmo) VALUES( 171, '3:35',  160,   36,    1);
SET IDENTITY_INSERT Interpretacion OFF

SET IDENTITY_INSERT CancionCompositor ON
INSERT INTO CancionCompositor (IdCancion, IdCompositor) VALUES(   1,    9);
INSERT INTO CancionCompositor (IdCancion, IdCompositor) VALUES(   2,    9);
INSERT INTO CancionCompositor (IdCancion, IdCompositor) VALUES(   3,    9);
INSERT INTO CancionCompositor (IdCancion, IdCompositor) VALUES(   4,    9);
INSERT INTO CancionCompositor (IdCancion, IdCompositor) VALUES(   5,   10);
INSERT INTO CancionCompositor (IdCancion, IdCompositor) VALUES(   6,   20);
INSERT INTO CancionCompositor (IdCancion, IdCompositor) VALUES(   8,   17);
INSERT INTO CancionCompositor (IdCancion, IdCompositor) VALUES(   8,   18);
INSERT INTO CancionCompositor (IdCancion, IdCompositor) VALUES(   9,   13);
INSERT INTO CancionCompositor (IdCancion, IdCompositor) VALUES(   9,   14);
INSERT INTO CancionCompositor (IdCancion, IdCompositor) VALUES(  11,   15);
INSERT INTO CancionCompositor (IdCancion, IdCompositor) VALUES(  12,   21);
INSERT INTO CancionCompositor (IdCancion, IdCompositor) VALUES(  12,   22);
INSERT INTO CancionCompositor (IdCancion, IdCompositor) VALUES(  13,   21);
INSERT INTO CancionCompositor (IdCancion, IdCompositor) VALUES(  13,   22);
INSERT INTO CancionCompositor (IdCancion, IdCompositor) VALUES(  14,   21);
INSERT INTO CancionCompositor (IdCancion, IdCompositor) VALUES(  14,   22);
INSERT INTO CancionCompositor (IdCancion, IdCompositor) VALUES(  15,   21);
INSERT INTO CancionCompositor (IdCancion, IdCompositor) VALUES(  15,   22);
INSERT INTO CancionCompositor (IdCancion, IdCompositor) VALUES(  16,   21);
INSERT INTO CancionCompositor (IdCancion, IdCompositor) VALUES(  17,   21);
INSERT INTO CancionCompositor (IdCancion, IdCompositor) VALUES(  18,   23);
INSERT INTO CancionCompositor (IdCancion, IdCompositor) VALUES(  19,   23);
INSERT INTO CancionCompositor (IdCancion, IdCompositor) VALUES(  20,   23);
INSERT INTO CancionCompositor (IdCancion, IdCompositor) VALUES(  21,   23);
INSERT INTO CancionCompositor (IdCancion, IdCompositor) VALUES(  22,   24);
INSERT INTO CancionCompositor (IdCancion, IdCompositor) VALUES(  23,   24);
INSERT INTO CancionCompositor (IdCancion, IdCompositor) VALUES(  24,    6);
INSERT INTO CancionCompositor (IdCancion, IdCompositor) VALUES(  25,    3);
INSERT INTO CancionCompositor (IdCancion, IdCompositor) VALUES(  25,   27);
INSERT INTO CancionCompositor (IdCancion, IdCompositor) VALUES(  26,    3);
INSERT INTO CancionCompositor (IdCancion, IdCompositor) VALUES(  26,   25);
INSERT INTO CancionCompositor (IdCancion, IdCompositor) VALUES(  26,   26);
INSERT INTO CancionCompositor (IdCancion, IdCompositor) VALUES(  27,   28);
INSERT INTO CancionCompositor (IdCancion, IdCompositor) VALUES(  29,   28);
INSERT INTO CancionCompositor (IdCancion, IdCompositor) VALUES(  30,   29);
INSERT INTO CancionCompositor (IdCancion, IdCompositor) VALUES(  30,   30);
INSERT INTO CancionCompositor (IdCancion, IdCompositor) VALUES(  30,   31);
INSERT INTO CancionCompositor (IdCancion, IdCompositor) VALUES(  31,   31);
INSERT INTO CancionCompositor (IdCancion, IdCompositor) VALUES(  32,   29);
INSERT INTO CancionCompositor (IdCancion, IdCompositor) VALUES(  32,   30);
INSERT INTO CancionCompositor (IdCancion, IdCompositor) VALUES(  32,   31);
INSERT INTO CancionCompositor (IdCancion, IdCompositor) VALUES(  33,   29);
INSERT INTO CancionCompositor (IdCancion, IdCompositor) VALUES(  33,   30);
INSERT INTO CancionCompositor (IdCancion, IdCompositor) VALUES(  33,   31);
INSERT INTO CancionCompositor (IdCancion, IdCompositor) VALUES(  34,   30);
INSERT INTO CancionCompositor (IdCancion, IdCompositor) VALUES(  34,   31);
INSERT INTO CancionCompositor (IdCancion, IdCompositor) VALUES(  35,   32);
INSERT INTO CancionCompositor (IdCancion, IdCompositor) VALUES(  36,   32);
INSERT INTO CancionCompositor (IdCancion, IdCompositor) VALUES(  38,   32);
INSERT INTO CancionCompositor (IdCancion, IdCompositor) VALUES(  38,   33);
INSERT INTO CancionCompositor (IdCancion, IdCompositor) VALUES(  39,   32);
INSERT INTO CancionCompositor (IdCancion, IdCompositor) VALUES(  40,   34);
INSERT INTO CancionCompositor (IdCancion, IdCompositor) VALUES(  40,   35);
INSERT INTO CancionCompositor (IdCancion, IdCompositor) VALUES(  41,   34);
INSERT INTO CancionCompositor (IdCancion, IdCompositor) VALUES(  41,   35);
INSERT INTO CancionCompositor (IdCancion, IdCompositor) VALUES(  42,   34);
INSERT INTO CancionCompositor (IdCancion, IdCompositor) VALUES(  42,   35);
INSERT INTO CancionCompositor (IdCancion, IdCompositor) VALUES(  42,   36);
INSERT INTO CancionCompositor (IdCancion, IdCompositor) VALUES(  43,   34);
INSERT INTO CancionCompositor (IdCancion, IdCompositor) VALUES(  44,   37);
INSERT INTO CancionCompositor (IdCancion, IdCompositor) VALUES(  45,   37);
INSERT INTO CancionCompositor (IdCancion, IdCompositor) VALUES(  47,   38);
INSERT INTO CancionCompositor (IdCancion, IdCompositor) VALUES(  48,   40);
INSERT INTO CancionCompositor (IdCancion, IdCompositor) VALUES(  49,   39);
INSERT INTO CancionCompositor (IdCancion, IdCompositor) VALUES(  50,   40);
INSERT INTO CancionCompositor (IdCancion, IdCompositor) VALUES(  51,   40);
INSERT INTO CancionCompositor (IdCancion, IdCompositor) VALUES(  52,   40);
INSERT INTO CancionCompositor (IdCancion, IdCompositor) VALUES(  53,   41);
INSERT INTO CancionCompositor (IdCancion, IdCompositor) VALUES(  54,   43);
INSERT INTO CancionCompositor (IdCancion, IdCompositor) VALUES(  55,   41);
INSERT INTO CancionCompositor (IdCancion, IdCompositor) VALUES(  56,   41);
INSERT INTO CancionCompositor (IdCancion, IdCompositor) VALUES(  57,   41);
INSERT INTO CancionCompositor (IdCancion, IdCompositor) VALUES(  58,   49);
INSERT INTO CancionCompositor (IdCancion, IdCompositor) VALUES(  59,   53);
INSERT INTO CancionCompositor (IdCancion, IdCompositor) VALUES(  60,   51);
INSERT INTO CancionCompositor (IdCancion, IdCompositor) VALUES(  61,   50);
INSERT INTO CancionCompositor (IdCancion, IdCompositor) VALUES(  62,   56);
INSERT INTO CancionCompositor (IdCancion, IdCompositor) VALUES(  63,   55);
INSERT INTO CancionCompositor (IdCancion, IdCompositor) VALUES(  64,   58);
INSERT INTO CancionCompositor (IdCancion, IdCompositor) VALUES(  65,   58);
INSERT INTO CancionCompositor (IdCancion, IdCompositor) VALUES(  66,   57);
INSERT INTO CancionCompositor (IdCancion, IdCompositor) VALUES(  67,   59);
INSERT INTO CancionCompositor (IdCancion, IdCompositor) VALUES(  68,   60);
INSERT INTO CancionCompositor (IdCancion, IdCompositor) VALUES(  69,   61);
INSERT INTO CancionCompositor (IdCancion, IdCompositor) VALUES(  70,   62);
INSERT INTO CancionCompositor (IdCancion, IdCompositor) VALUES(  71,   64);
INSERT INTO CancionCompositor (IdCancion, IdCompositor) VALUES(  72,   64);
INSERT INTO CancionCompositor (IdCancion, IdCompositor) VALUES(  73,   63);
INSERT INTO CancionCompositor (IdCancion, IdCompositor) VALUES(  74,   44);
INSERT INTO CancionCompositor (IdCancion, IdCompositor) VALUES(  75,   42);
INSERT INTO CancionCompositor (IdCancion, IdCompositor) VALUES(  76,    1);
INSERT INTO CancionCompositor (IdCancion, IdCompositor) VALUES(  77,    1);
INSERT INTO CancionCompositor (IdCancion, IdCompositor) VALUES(  78,   47);
INSERT INTO CancionCompositor (IdCancion, IdCompositor) VALUES(  79,   42);
INSERT INTO CancionCompositor (IdCancion, IdCompositor) VALUES(  80,   66);
INSERT INTO CancionCompositor (IdCancion, IdCompositor) VALUES(  81,   65);
INSERT INTO CancionCompositor (IdCancion, IdCompositor) VALUES(  82,   57);
INSERT INTO CancionCompositor (IdCancion, IdCompositor) VALUES(  83,   46);
INSERT INTO CancionCompositor (IdCancion, IdCompositor) VALUES(  84,   68);
INSERT INTO CancionCompositor (IdCancion, IdCompositor) VALUES(  85,   68);
INSERT INTO CancionCompositor (IdCancion, IdCompositor) VALUES(  86,   68);
INSERT INTO CancionCompositor (IdCancion, IdCompositor) VALUES(  87,   68);
INSERT INTO CancionCompositor (IdCancion, IdCompositor) VALUES(  88,   68);
INSERT INTO CancionCompositor (IdCancion, IdCompositor) VALUES(  89,   69);
INSERT INTO CancionCompositor (IdCancion, IdCompositor) VALUES(  90,   69);
INSERT INTO CancionCompositor (IdCancion, IdCompositor) VALUES(  91,   69);
INSERT INTO CancionCompositor (IdCancion, IdCompositor) VALUES(  92,   69);
INSERT INTO CancionCompositor (IdCancion, IdCompositor) VALUES(  93,   69);
INSERT INTO CancionCompositor (IdCancion, IdCompositor) VALUES(  94,   70);
INSERT INTO CancionCompositor (IdCancion, IdCompositor) VALUES(  96,   71);
INSERT INTO CancionCompositor (IdCancion, IdCompositor) VALUES(  96,   72);
INSERT INTO CancionCompositor (IdCancion, IdCompositor) VALUES(  97,   71);
INSERT INTO CancionCompositor (IdCancion, IdCompositor) VALUES(  98,   73);
INSERT INTO CancionCompositor (IdCancion, IdCompositor) VALUES(  99,   83);
INSERT INTO CancionCompositor (IdCancion, IdCompositor) VALUES( 100,   77);
INSERT INTO CancionCompositor (IdCancion, IdCompositor) VALUES( 101,   7);
INSERT INTO CancionCompositor (IdCancion, IdCompositor) VALUES( 102,   74);
INSERT INTO CancionCompositor (IdCancion, IdCompositor) VALUES( 102,   75);
INSERT INTO CancionCompositor (IdCancion, IdCompositor) VALUES( 103,   84);
INSERT INTO CancionCompositor (IdCancion, IdCompositor) VALUES( 104,   85);
INSERT INTO CancionCompositor (IdCancion, IdCompositor) VALUES( 105,   86);
INSERT INTO CancionCompositor (IdCancion, IdCompositor) VALUES( 105,   87);
INSERT INTO CancionCompositor (IdCancion, IdCompositor) VALUES( 106,   86);
INSERT INTO CancionCompositor (IdCancion, IdCompositor) VALUES( 106,   87);
INSERT INTO CancionCompositor (IdCancion, IdCompositor) VALUES( 107,   86);
INSERT INTO CancionCompositor (IdCancion, IdCompositor) VALUES( 108,   87);
INSERT INTO CancionCompositor (IdCancion, IdCompositor) VALUES( 109,   86);
INSERT INTO CancionCompositor (IdCancion, IdCompositor) VALUES( 109,   87);
INSERT INTO CancionCompositor (IdCancion, IdCompositor) VALUES( 110,   17);
INSERT INTO CancionCompositor (IdCancion, IdCompositor) VALUES( 110,   18);
INSERT INTO CancionCompositor (IdCancion, IdCompositor) VALUES( 111,   90);
INSERT INTO CancionCompositor (IdCancion, IdCompositor) VALUES( 112,   91);
INSERT INTO CancionCompositor (IdCancion, IdCompositor) VALUES( 113,   91);
INSERT INTO CancionCompositor (IdCancion, IdCompositor) VALUES( 114,   92);
INSERT INTO CancionCompositor (IdCancion, IdCompositor) VALUES( 114,   93);
INSERT INTO CancionCompositor (IdCancion, IdCompositor) VALUES( 116,   94);
INSERT INTO CancionCompositor (IdCancion, IdCompositor) VALUES( 117,   95);
INSERT INTO CancionCompositor (IdCancion, IdCompositor) VALUES( 117,   96);
INSERT INTO CancionCompositor (IdCancion, IdCompositor) VALUES( 118,   97);
INSERT INTO CancionCompositor (IdCancion, IdCompositor) VALUES( 118,   98);
INSERT INTO CancionCompositor (IdCancion, IdCompositor) VALUES( 119,   99);
INSERT INTO CancionCompositor (IdCancion, IdCompositor) VALUES( 120,   99);
INSERT INTO CancionCompositor (IdCancion, IdCompositor) VALUES( 121,  100);
INSERT INTO CancionCompositor (IdCancion, IdCompositor) VALUES( 122,    8);
INSERT INTO CancionCompositor (IdCancion, IdCompositor) VALUES( 123,    8);
INSERT INTO CancionCompositor (IdCancion, IdCompositor) VALUES( 124,    1);
INSERT INTO CancionCompositor (IdCancion, IdCompositor) VALUES( 125,  100);
INSERT INTO CancionCompositor (IdCancion, IdCompositor) VALUES( 126,  102);
INSERT INTO CancionCompositor (IdCancion, IdCompositor) VALUES( 127,  103);
INSERT INTO CancionCompositor (IdCancion, IdCompositor) VALUES( 128,  103);
INSERT INTO CancionCompositor (IdCancion, IdCompositor) VALUES( 129,  103);
INSERT INTO CancionCompositor (IdCancion, IdCompositor) VALUES( 130,  103);
INSERT INTO CancionCompositor (IdCancion, IdCompositor) VALUES( 131,  103);
INSERT INTO CancionCompositor (IdCancion, IdCompositor) VALUES( 132,  104);
INSERT INTO CancionCompositor (IdCancion, IdCompositor) VALUES( 133,  103);
INSERT INTO CancionCompositor (IdCancion, IdCompositor) VALUES( 134,  103);
INSERT INTO CancionCompositor (IdCancion, IdCompositor) VALUES( 135,  105);
INSERT INTO CancionCompositor (IdCancion, IdCompositor) VALUES( 136,  106);
INSERT INTO CancionCompositor (IdCancion, IdCompositor) VALUES( 137,  108);
INSERT INTO CancionCompositor (IdCancion, IdCompositor) VALUES( 138,  108);
INSERT INTO CancionCompositor (IdCancion, IdCompositor) VALUES( 139,   15);
INSERT INTO CancionCompositor (IdCancion, IdCompositor) VALUES( 139,  109);
INSERT INTO CancionCompositor (IdCancion, IdCompositor) VALUES( 140,   29);
INSERT INTO CancionCompositor (IdCancion, IdCompositor) VALUES( 140,   30);
INSERT INTO CancionCompositor (IdCancion, IdCompositor) VALUES( 140,   31);
INSERT INTO CancionCompositor (IdCancion, IdCompositor) VALUES( 141,   32);
INSERT INTO CancionCompositor (IdCancion, IdCompositor) VALUES( 142,   21);
INSERT INTO CancionCompositor (IdCancion, IdCompositor) VALUES( 142,   32);
INSERT INTO CancionCompositor (IdCancion, IdCompositor) VALUES( 143,   21);
INSERT INTO CancionCompositor (IdCancion, IdCompositor) VALUES( 145,   37);
INSERT INTO CancionCompositor (IdCancion, IdCompositor) VALUES( 146,   45);
INSERT INTO CancionCompositor (IdCancion, IdCompositor) VALUES( 147,   47);
INSERT INTO CancionCompositor (IdCancion, IdCompositor) VALUES( 148,   48);
INSERT INTO CancionCompositor (IdCancion, IdCompositor) VALUES( 149,   53);
INSERT INTO CancionCompositor (IdCancion, IdCompositor) VALUES( 150,   54);
INSERT INTO CancionCompositor (IdCancion, IdCompositor) VALUES( 151,   76);
INSERT INTO CancionCompositor (IdCancion, IdCompositor) VALUES( 152,   79);
INSERT INTO CancionCompositor (IdCancion, IdCompositor) VALUES( 153,   7);
INSERT INTO CancionCompositor (IdCancion, IdCompositor) VALUES( 154,   80);
INSERT INTO CancionCompositor (IdCancion, IdCompositor) VALUES( 154,   81);
INSERT INTO CancionCompositor (IdCancion, IdCompositor) VALUES( 155,   82);
INSERT INTO CancionCompositor (IdCancion, IdCompositor) VALUES( 156,   88);
INSERT INTO CancionCompositor (IdCancion, IdCompositor) VALUES( 157,   88);
INSERT INTO CancionCompositor (IdCancion, IdCompositor) VALUES( 158,   91);
INSERT INTO CancionCompositor (IdCancion, IdCompositor) VALUES( 159,   97);
INSERT INTO CancionCompositor (IdCancion, IdCompositor) VALUES( 159,   98);
INSERT INTO CancionCompositor (IdCancion, IdCompositor) VALUES( 160,  103);
INSERT INTO CancionCompositor (IdCancion, IdCompositor) VALUES( 161,  107);
SET IDENTITY_INSERT CancionCompositor OFF


